<?xml version="1.0" encoding="UTF-8"?> <!DOCTYPE ftl SYSTEM "ftl.dtd">
<ftl name="IronData">
	<delimited-record name="transaction" repeat="*"
		write-header="false">
		<delimited-field name="CarrierName" delimiter="~" />
		<delimited-field name="CarrierSCAC" delimiter="~" />
		<delimited-field name="CarrierTrackingNumber"
			delimiter="~" />
		<delimited-field name="BillofLadingNumber" delimiter="~" />
		<delimited-field name="PackingListNumber" delimiter="~" />
		<delimited-field name="RequestedShipDate" delimiter="~" />
		<delimited-field name="PlannedShipDate" delimiter="~" />
		<delimited-field name="ActualShipDate" delimiter="~" />
		<delimited-field name="RequestedDeliveryDate"
			delimiter="~" />
		<delimited-field name="PlannedDeliveryDate" delimiter="~" />
		<delimited-field name="ActualDeliveryDate" delimiter="~" />
		<delimited-field name="TransactionDate" delimiter="~" />
		<delimited-field name="PONumber" delimiter="~" />
		<delimited-field name="POLineNumber" delimiter="~" />
		<delimited-field name="PO" delimiter="~" />
		<delimited-field name="SI" delimiter="~" />
		<delimited-field name="ActivityID" delimiter="~" />
		<delimited-field name="BusinessUnit" delimiter="~" />
		<delimited-field name="ShipperLocationID" delimiter="~" />
		<delimited-field name="ShipperName" delimiter="~" />
		<delimited-field name="ShipperAddressLine1" delimiter="~" />
		<delimited-field name="ShipperAddressLine2" delimiter="~" />
		<delimited-field name="ShipperCity" delimiter="~" />
		<delimited-field name="ShipperState" delimiter="~" />
		<delimited-field name="ShipperZip" delimiter="~" />
		<delimited-field name="ShipperCountry" delimiter="~" />
		<delimited-field name="ConsigneeLocationID" delimiter="~" />
		<delimited-field name="ConsigneeName" delimiter="~" />
		<delimited-field name="ConsigneeAddressLine1"
			delimiter="~" />
		<delimited-field name="ConsigneeAddressLine2"
			delimiter="~" />
		<delimited-field name="ConsigneeCity" delimiter="~" />
		<delimited-field name="ConsigneeState" delimiter="~" />
		<delimited-field name="ConsigneeZip" delimiter="~" />
		<delimited-field name="ConsigneeCountry" delimiter="~" />
		<delimited-field name="RecordType" delimiter="~" />
		<delimited-field name="ShAcceptDate" delimiter="~" />
		<delimited-field name="ShipmentPlanDate" delimiter="~" />
		<delimited-field name="TransactionApplication"
			delimiter="~" />
		<delimited-field name="AllocationFactor" delimiter="~" />
		<delimited-field name="AllocationFactorCurrency"
			delimiter="~" />
		<delimited-field name="POCBemsid" delimiter="~" />
		<delimited-field name="ServiceLevelExecuted"
			delimiter="~" />
		<delimited-field name="ServiceLevelRequested"
			delimiter="~" />
		<delimited-field name="NetFreight" delimiter="~" />
		<delimited-field name="NetFreightCurrency" delimiter="~" />
		<delimited-field name="FuelSurcharge" delimiter="~" />
		<delimited-field name="FuelSurchargeCurrency"
			delimiter="~" />
		<delimited-field name="AccessorialCharge" delimiter="~" />
		<delimited-field name="AccessorialChargeCurrency"
			delimiter="~" />
		<delimited-field name="AccessorialDescription"
			delimiter="~" />
		<delimited-field name="TotalCost" delimiter="~" />
		<delimited-field name="TotalCostCurrency" delimiter="~" />
		<delimited-field name="ShipmentID" delimiter="~" />
		<delimited-field name="OrderNumber" delimiter="~" />
		<delimited-field name="TotalShipUnitCount" delimiter="~" />
		<delimited-field name="ShipmentWeight" delimiter="~" />
		<delimited-field name="ShipmentWeightUOM" delimiter="~" />
		<delimited-field name="ShipmentVolume" delimiter="~" />
		<delimited-field name="ShipmentVolumeUOM" delimiter="~" />
		<delimited-field name="TotalOrderUnitCount" delimiter="~" />
		<delimited-field name="OrderWeight" delimiter="~" />
		<delimited-field name="OrderWeightUOM" delimiter="~" />
		<delimited-field name="OrderVolume" delimiter="~" />
		<delimited-field name="OrderVolumeUOM" delimiter="~" />
		<delimited-field name="TransportMode" delimiter="~" />
		<delimited-field name="EquipmentTypeExecuted"
			delimiter="~" />
		<delimited-field name="EquipmentTypeRequested"
			delimiter="~" />
		<delimited-field name="TransitTime" delimiter="~" />
		<delimited-field name="TripSequence" delimiter="~" />
		<delimited-field name="ShipmentMemo" delimiter="~" />
		<delimited-field name="ShipmentMiles" delimiter="~" />
		<delimited-field name="ShipmentMilesUOM" delimiter="~" />
		<delimited-field name="SCACTenderedTo" delimiter="~" />
		<delimited-field name="ShipmentAcceptUserID"
			delimiter="~" />
		<delimited-field name="ReferenceQualifiers" delimiter="~" />
		<delimited-field name="ReferenceNumbers" delimiter="~" />
		<delimited-field name="InvolvedParty" delimiter="~" />
		<delimited-field name="HeatNumber" delimiter="~" />
		<delimited-field name="ReturnAuthorizationNumber"
			delimiter="~" />
		<delimited-field name="PremiumFreightReasonCode"
			delimiter="~" />
		<delimited-field name="Stackable" delimiter="~" />
		<delimited-field name="PackagingUnit" delimiter="~" />
		<eol />
	</delimited-record>
</ftl> 