<?xml version="1.0" encoding="UTF-8"?>
<blueprint xmlns="http://www.osgi.org/xmlns/blueprint/v1.0.0"
    xmlns:camel="http://camel.apache.org/schema/blueprint"
    xmlns:cm="http://aries.apache.org/blueprint/xmlns/blueprint-cm/v1.0.0"
    xmlns:xsi="http://www.w3.org/2001/XMLSchema-instance" xsi:schemaLocation="              http://www.osgi.org/xmlns/blueprint/v1.0.0 https://www.osgi.org/xmlns/blueprint/v1.0.0/blueprint.xsd              ">
    <cm:property-placeholder
        id="property-placeholder-bb7ef38d-522d-4e3e-9a14-f9e97f2aa928" persistent-id="ceers.properties">
        <cm:default-properties>
            <cm:property name="sqis.amq.brokerUrl" value="tcp://127.0.0.1:61616"/>
            <!-- Tcp://localhost:61617 -->
            <cm:property name="sqis.amq.brokerName" value="activemq.default"/>
            <cm:property name="sqis.amq.username" value="admin"/>
            <cm:property name="sqis.amq.password" value="admin"/>
            <cm:property name="sqis.amq.maxConcurrentConsumers" value="5"/>
        </cm:default-properties>
    </cm:property-placeholder>
    <bean
        class="com.boeing.ai.sqisvelocity.services.TokenPayloadConstructor" id="tokenPayloadconstructor"/>
    <camelContext id="sqisCC" trace="false" xmlns="http://camel.apache.org/schema/blueprint">
       
        <route id="SQIS_to_TokenService">
            <!-- <from id="_from1" uri="timer:foo?period=20000"/> -->
            <from id="_from1" uri="timer:foo?period=20000"/>
            <process id="_process1" ref="tokenPayloadconstructor"/>
            <to id="_to4" uri="log:body?level=INFO"/>
            <!-- <to id="_to5" uri="https://veldev1.web.boeing.com/services/api/v1/mesusers/authenticate" 
				/> -->
            <setHeader headerName="CamelHttpMethod" id="_setHeader1">
                <constant>POST</constant>
            </setHeader>
            <to id="_to5" uri="http://jsonplaceholder.typicode.com/users/1/todos"/>
            <convertBodyTo id="_convertBody" type="java.lang.String"/>
            <log id="_log13" message="AFTER hitting tokenservice, Token is ${body}"/>
        </route>
    </camelContext>
</blueprint>
