<?xml version="1.0" encoding="UTF-8"?>
<blueprint xmlns="http://www.osgi.org/xmlns/blueprint/v1.0.0"
	xmlns:xsi="http://www.w3.org/2001/XMLSchema-instance" xmlns:cxf="http://camel.apache.org/schema/blueprint/cxf"
	xmlns:cm="http://aries.apache.org/blueprint/xmlns/blueprint-cm/v1.0.0"
	xsi:schemaLocation="
			 http://www.springframework.org/schema/beans http://www.springframework.org/schema/beans/spring-beans.xsd
             http://www.osgi.org/xmlns/blueprint/v1.0.0 http://www.osgi.org/xmlns/blueprint/v1.0.0/blueprint.xsd
             http://camel.apache.org/schema/blueprint/cxf http://camel.apache.org/schema/blueprint/cxf/camel-cxf.xsd
             http://camel.apache.org/schema/blueprint http://camel.apache.org/schema/blueprint/camel-blueprint.xsd
             http://camel.apache.org/schema/spring http://camel.apache.org/schema/spring/camel-spring.xsd">



	<!-- OSGI blueprint property placeholder -->
	<!-- <cm:property-placeholder id="sitv1-placeholder" persistent-id="sitv1"/> -->

	<bean id="serviceProcessor" class="com.boeing.soa.sitcomponents.processor.ServiceProcessor" />
	<bean id="headerProcessor" class="com.boeing.soa.sitcomponents.processor.HeaderProcessor" />
	<bean id="exceptionProcessor"
		class="com.boeing.soa.sitcomponents.processor.ExceptionProcessor" />

	<!-- <cxf:cxfEndpoint id="sitEndpoint" address="/ServiceInvocationTracker" 
		serviceClass="com.boeing.soa.sit.v1.wsdl.ServiceInvocationTrackerPortType" 
		/> -->



	<cxf:cxfEndpoint id="sitEndpoint" address="/ServiceInvocationTracker"
		serviceClass="com.boeing.soa.sit.v1.wsdl.ServiceInvocationTrackerPortType"
		endpointName="c:ServiceInvocationTracker" serviceName="c:ServiceInvocationTracker"
		wsdlURL="wsdl/ServiceInvocationTracker_v1_0.wsdl" xmlns:c="http://www.boeing.com/soa/sit/v1/wsdl" />



	<camelContext id="ServiceInvocationTrackerCamelContext"
		xmlns="http://camel.apache.org/schema/blueprint">
		<route id="sit-to-ceersComponent">
			<from uri="cxf:bean:sitEndpoint" />

			<onException useOriginalMessage="true">
				<exception>java.lang.Exception</exception>
				<handled>
					<constant>true</constant>
				</handled>
				<!-- <convertBodyTo type="com.boeing.soa.sit.ServiceInvocationRequest" /> -->
				<log message="In Exception Block" />
				<log
					message="Timestamp(MM-dd-yyyy hh:mm:ss) : ${date:now:MM-dd-yyyy hh:mm:ss}" />
				<log message="Original Message is \n : ${body}" />
				<bean ref="exceptionProcessor" method="process" />
			</onException>

			<log message="Processing" />
			<convertBodyTo type="com.boeing.soa.sit.ServiceInvocationRequest" />
			<!-- <log message="Received Request : ${body.getEventId}" /> -->
			<!-- <log message="Received ExchangeId : ${exchangeId}" /> -->
			<to uri="validator:wsdl/ServiceInvocationTracker_v1_0.xsd" />
			<log message="After Validator" />
			<bean ref="headerProcessor" method="process" />
			<log message="Logging Exchange Properties " />
			<log message="Exchange Property 1 : ${property.CeersGlobalTxId}" />
			<log message="Exchange Property 2 : ${property.CeersEventGroup}" />
			<log message="Exchange Property 3 : ${property.CeersEventTimestamp}" />
			<log message="Exchange Property 4 : ${property.CeersDataSensitivity}" />
			<log message="Exchange Property 5 : ${property.CeersComponentName}" />
			<log message="Exchange Property 6 : ${property.CeersApplicationName}" />
			<log message="Exchange Property 7 : ${property.CeersMessageName}" />
			<log message="Exchange Property 8 : ${property.CeersEnvironmentName}" />
			<log message="Exchange Property 9 : ${property.CeersServerName}" />
			<log message="Exchange Property 10 : ${property.CeersTransferType}" />
			<log message="Exchange Property 11 : ${property.CeersMetadata}" />
			<log message="Exchange Property 12 : ${property.CeersUserdata}" />
			<!-- <to uri="mock:results" /> -->
			<!-- <to uri="ceers://?eventType=audit&amp;applicationName=${property.CeersApplicationName}&amp;messageName=${property.CeersMessageName}&amp;transferType=${property.CeersTransferType}&amp;dataSensitivity=${property.CeersDataSensitivity}&amp;eventTimestamp=${property.CeersEventTimestamp}&amp;globalTxId=${property.CeersGlobalTxId}&amp;serverName=${property.CeersServerName}&amp;environmentName=${property.CeersEnvironmentName}&amp;componentName=${property.CeersComponentName}" 
				/> -->
			<!-- <to uri="ceers://?eventType=audit" /> -->
			<to uri="ceers://?eventType=audit&amp;payloadLogAmount=NONE" />
			<log message="Exchange Property 13 : ${property.CeersEventId}" />
			<bean ref="serviceProcessor" method="process" />
		</route>
	</camelContext>

</blueprint>
