<?xml version="1.0" encoding="UTF-8"?>
<blueprint xmlns="http://www.osgi.org/xmlns/blueprint/v1.0.0"
    xmlns:camel="http://camel.apache.org/schema/blueprint"
    xmlns:cm="http://aries.apache.org/blueprint/xmlns/blueprint-cm/v1.0.0"
    xmlns:xsi="http://www.w3.org/2001/XMLSchema-instance" xsi:schemaLocation="              http://www.osgi.org/xmlns/blueprint/v1.0.0 https://www.osgi.org/xmlns/blueprint/v1.0.0/blueprint.xsd              ">
    <cm:property-placeholder
        id="property-placeholder-bb7ef38d-522d-4e3e-9a14-f9e97f2aa928" persistent-id="ceers.properties">
        <cm:default-properties>
            <cm:property name="sqis.amq.brokerUrl" value="tcp://127.0.0.1:61616"/>
            <!-- Tcp://localhost:61617 -->
            <cm:property name="sqis.amq.brokerName" value="activemq.default"/>
            <cm:property name="sqis.amq.username" value="admin"/>
            <cm:property name="sqis.amq.password" value="admin"/>
            <cm:property name="sqis.amq.maxConcurrentConsumers" value="5"/>
        </cm:default-properties>
    </cm:property-placeholder>
    <bean class="org.apache.commons.dbcp.BasicDataSource" id="dataSource">
        <property name="driverClassName" value="com.mysql.jdbc.Driver"/>
        <property name="url" value="jdbc:mysql://localhost:3306/test"/>
        <property name="username" value="test"/>
        <property name="password" value="test"/>
    </bean>
    <!--  <bean class="org.apache.camel.component.sql.SqlComponent" id="sqlComponent">
        <property name="dataSource" ref="dataSource"/>
    </bean> -->
    <bean class="com.boeing.ai.sqisvelocity.javaarticles.RowProcessor" id="rowProcessor"/>
    <bean
        class="com.boeing.ai.sqisvelocity.processors.ExceptionProcessor" id="exceptionProcessor"/>
    <!-- acivemq configuration -->
    <bean class="org.apache.camel.component.jms.JmsComponent" id="amqxa">
        <property name="configuration" ref="amqConfig"/>
    </bean>
    <bean class="org.apache.camel.component.jms.JmsConfiguration" id="amqConfig">
        <property name="connectionFactory" ref="xaPooledCF"/>
        <property name="transacted" value="false"/>
        <property name="maxConcurrentConsumers" value="${sqis.amq.maxConcurrentConsumers}"/>
        <property name="cacheLevelName" value="CACHE_CONNECTION"/>
    </bean>
    <bean class="org.apache.activemq.pool.JcaPooledConnectionFactory"
        destroy-method="stop" id="xaPooledCF" init-method="start">
        <property name="name" value="${sqis.amq.brokerName}"/>
        <property name="maxConnections" value="5"/>
        <property name="connectionFactory" ref="amqXaCF"/>
    </bean>
    <bean class="org.apache.activemq.ActiveMQXAConnectionFactory" id="amqXaCF">
        <property name="brokerURL" value="failover:(${sqis.amq.brokerUrl})?jms.prefetchPolicy.all=1"/>
        <property name="userName" value="${sqis.amq.username}"/>
        <property name="password" value="${sqis.amq.password}"/>
    </bean>
    <camelContext id="sqisCC" trace="false" xmlns="http://camel.apache.org/schema/blueprint">
        <onException>
            <exception>java.lang.Throwable</exception>
            <redeliveryPolicy maximumRedeliveries="0"/>
            <handled>
                <constant>true</constant>
            </handled>
            <process ref="exceptionProcessor"/>
        </onException>
        <route id="SQIS_to_Velocity">
            <from id="_from1" uri="timer:foo?period=20000"/>
            <setBody id="_setBody1">
                <constant>
	        SELECT * FROM ARTICLES WHERE CATEGORY='Camel'
	        </constant>
            </setBody>
            <!--  <from id="_from1" uri="timer:foo?period=20000"/> -->
            <to id="_to1" uri="jdbc:dataSource"/>
            <log id="_log1" message="split rows"/>
            <split id="_split1">
                <simple>${body}</simple>
                <log id="_log2" message="process row ${body}"/>
                <to id="_to2" uri="bean:rowProcessor"/>
                <to id="_to3" uri="stream:out"/>
                <to id="sqisqueue" uri="amqxa:queue:sqisqueue"/>
                <convertBodyTo id="_convertBodyTo3" type="java.lang.String"/>
                <to id="sqisfile" uri="file:///C:/temp/bca_consumer/"/>
            </split>
        </route>
    </camelContext>
</blueprint>
