<?xml version="1.0" encoding="UTF-8"?>
<blueprint xmlns="http://www.osgi.org/xmlns/blueprint/v1.0.0"
    xmlns:camel="http://camel.apache.org/schema/blueprint"
    xmlns:cm="http://aries.apache.org/blueprint/xmlns/blueprint-cm/v1.0.0"
    xmlns:xsi="http://www.w3.org/2001/XMLSchema-instance" xsi:schemaLocation="http://www.osgi.org/xmlns/blueprint/v1.0.0 https://www.osgi.org/xmlns/blueprint/v1.0.0/blueprint.xsd        http://camel.apache.org/schema/blueprint http://camel.apache.org/schema/blueprint/camel-blueprint.xsd">
    <bean class="com.boeing.ai.sqisvelocity.services.Counter" id="counterproc"/>
	<camelContext id="counter"
		xmlns="http://camel.apache.org/schema/blueprint">
		<route id="routeone">
			<from id="_from1" uri="timer://foo?fixedRate=true&amp;period=60000" />
			<setHeader headerName="counter" id="PostHeader">
				<constant>7</constant>
			</setHeader>
			<to uri="direct:in" />
		</route>

		<route id="routetwo">
			<from id="_from2" uri="direct:in" />
			<process ref="counterproc"/>
			<to uri="direct:out" />
		</route>

		<route id="routethree">
			<from id="_from3" uri="direct:out" />
			<choice>
				<when>
					<simple>${in.header.counter} == 6</simple>
					<log id="_log6" message="After met condition" />
				</when>
				<otherwise>
					<log id="_log7" message="Not met condition" />
				</otherwise>
			</choice>


		</route>

	</camelContext>

</blueprint>
