<?xml version="1.0" encoding="UTF-8"?>
<blueprint xmlns="http://www.osgi.org/xmlns/blueprint/v1.0.0"
       xmlns:camel="http://camel.apache.org/schema/blueprint"
       xmlns:cm="http://aries.apache.org/blueprint/xmlns/blueprint-cm/v1.0.0"
      
       xmlns:xsi="http://www.w3.org/2001/XMLSchema-instance"
       xsi:schemaLocation="http://www.osgi.org/xmlns/blueprint/v1.0.0 http://www.osgi.org/xmlns/blueprint/v1.0.0/blueprint.xsd
       http://camel.apache.org/schema/blueprint http://camel.apache.org/schema/blueprint/camel-blueprint.xsd">


 <!-- Read properties from file com.boeing.ai.demos.ivtSeriesFileCBR -->
	<cm:property-placeholder placeholder-prefix="$[" placeholder-suffix="]" persistent-id="com.boeing.ai.demos.ivtSeriesFileCBR.customerProcess">
		<cm:default-properties>
			<cm:property name="americasProcess" value="mock:americas" />
			<cm:property name="europeProcess" value="mock:europe" />
			<cm:property name="australiaProcess" value="mock:australia" />
			<cm:property name="unSupportedCountryProcess" value="mock:australia" />
		</cm:default-properties>
	</cm:property-placeholder>
	

  <camelContext trace="false" id="customersProcess-cc" xmlns="http://camel.apache.org/schema/blueprint">
  <route id="customersProcess">
    <from uri="vm:customersProcess"/>
    
    <setHeader headerName="totalCustomers">
        <xpath resultType="java.lang.String">count(/CustomerOrders/Customers/Customer)</xpath>
      </setHeader>
      
    <log message="customersProcess Start: ${header.totalCustomers} Customers to Process"/>
    
    <split>
      <xpath>CustomerOrders/Customers/Customer</xpath>
      
      <setHeader headerName="ID">
        <xpath>/Customer/ID</xpath>
      </setHeader>
      <setHeader headerName="Country">
        <xpath>/Customer/Country</xpath>
      </setHeader>
      <choice>
        <when>
          <xpath>Customer/Country = 'United States'</xpath>
          <log message="ID: ${header.ID} Country: ${header.Country} - Sending to America Process"/>
          <to uri="{{americasProcess}}"/>
        </when>
        <when>
          <xpath>Customer/Country = 'Canada'</xpath>
             <log message="ID: ${header.ID} Country: ${header.Country} - Sending to America Process"/>
          <to uri="{{americasProcess}}"/>
        </when>
        <when>
          <xpath>Customer/Country = 'United Kingdom'</xpath>
             <log message="ID: ${header.ID} Country: ${header.Country} - Sending to Europe Process"/>
          <to uri="{{europeProcess}}"/>
        </when>
        <otherwise>
          <log message="ID: ${header.ID} Country: ${header.Country} - Sending to 'Unsupported Country' Process"/>
          <to uri="{{unSupportedCountryProcess}}"/>
        </otherwise>
      </choice>
    </split>
  </route>
</camelContext>

</blueprint>
