<?xml version="1.0" encoding="UTF-8"?>
<blueprint xmlns="http://www.osgi.org/xmlns/blueprint/v1.0.0"
       xmlns:camel="http://camel.apache.org/schema/blueprint"
       xmlns:xsi="http://www.w3.org/2001/XMLSchema-instance"
       xmlns:cm="http://aries.apache.org/blueprint/xmlns/blueprint-cm/v1.0.0"
      
       xsi:schemaLocation="http://www.osgi.org/xmlns/blueprint/v1.0.0 http://www.osgi.org/xmlns/blueprint/v1.0.0/blueprint.xsd
       http://camel.apache.org/schema/blueprint http://camel.apache.org/schema/blueprint/camel-blueprint.xsd">

    <!-- Read properties from file com.boeing.ai.demos.ivtSeriesFileCBR -->
	<cm:property-placeholder placeholder-prefix="$(" placeholder-suffix=")" persistent-id="com.boeing.ai.demos.ivtSeriesFileCBR.mainProcess">
		<cm:default-properties>
			<cm:property name="cProcess" value="vm:customersProcess" />
			<cm:property name="oProcess" value="vm:ordersProcess" />
			<!-- placeholder-prefix="(" placeholder-suffix=")"> -->
		</cm:default-properties>
	</cm:property-placeholder>
	
	
  
  <camelContext trace="false" id="customersOrders-cc" xmlns="http://camel.apache.org/schema/blueprint">
  <route id="customersOrdersProcess">
    <from uri="vm:customersOrdersProcess"/>
    <log message="Sending Customers and Orders file to CustomerProcess and Orders Process"/>
    <to uri="{{cProcess}}"/>
    <to uri="{{oProcess}}"/>
  </route>
</camelContext>

</blueprint>
