<?xml version="1.0" encoding="UTF-8"?>
<blueprint xmlns="http://www.osgi.org/xmlns/blueprint/v1.0.0"
    xmlns:camel="http://camel.apache.org/schema/blueprint"
    xmlns:cm="http://aries.apache.org/blueprint/xmlns/blueprint-cm/v1.0.0"
    xmlns:context="http://www.springframework.org/schema/context"
    xmlns:xsi="http://www.w3.org/2001/XMLSchema-instance" 
    xsi:schemaLocation="http://www.osgi.org/xmlns/blueprint/v1.0.0 
    https://www.osgi.org/xmlns/blueprint/v1.0.0/blueprint.xsd   
    ">
    <cm:property-placeholder
        id="property-placeholder-bb7ef38d-522d-4e3e-9a14-f9e97f2aa928" persistent-id="ceers.properties">
        <cm:default-properties>
            <cm:property name="sqis.amq.brokerUrl" value="tcp://127.0.0.1:61616"/>
            <!-- Tcp://localhost:61617 -->
            <cm:property name="sqis.amq.brokerName" value="activemq.default"/>
            <cm:property name="sqis.amq.username" value="admin"/>
            <cm:property name="sqis.amq.password" value="admin"/>
            <cm:property name="sqis.amq.maxConcurrentConsumers" value="5"/>
        </cm:default-properties>
    </cm:property-placeholder>
    <context:annotation-config id="annotation-config-6af2eb18-a322-4bb7-971a-34005318e127"/>
    <context:component-scan
        base-package="com.boeing.ai.sqisvelocity.services" id="component-scan-a8eab137-8785-4c0b-8b05-e4b23ca1396f"/>
    <bean class="com.boeing.ai.sqisvelocity.services.Token" id="token" scope="singleton"/>
    <bean class="com.boeing.ai.sqisvelocity.services.BeanConstructorOne" id="BeanConstructorOne"/>
    <bean class="com.boeing.ai.sqisvelocity.services.BeanConstructorTwo" id="BeanConstructorTwo"/>
    <bean
        class="com.boeing.ai.sqisvelocity.services.BeanConstructorThree" id="BeanConstructorThree"/>
    <camelContext id="sqisCC" trace="false" xmlns="http://camel.apache.org/schema/blueprint">
        <route id="RouteOne">
            <from id="_from1" uri="timer:foo?period=20000"/>
            <process id="_process1" ref="BeanConstructorOne"/>
            <to id="_to1" uri="log:body?level=INFO"/>
            <to id="_to2" uri="direct-vm:routeone"/>
        </route>
        <route id="RouteTwo">
            <from id="_from2" uri="direct-vm:routeone"/>
            <process id="_process2" ref="BeanConstructorTwo"/>
            <to id="_to3" uri="log:body?level=INFO"/>
            <to id="_to4" uri="direct-vm:routetwo"/>
        </route>
        <route id="RouteThree">
            <from id="_from3" uri="direct-vm:routetwo"/>
            <process id="_process3" ref="BeanConstructorThree"/>
            <to id="_to5" uri="log:body?level=INFO"/>
        </route>
    </camelContext>
</blueprint>
