<?xml version="1.0" encoding="UTF-8"?>
<blueprint xmlns="http://www.osgi.org/xmlns/blueprint/v1.0.0"
	xmlns:camel="http://camel.apache.org/schema/blueprint"
	xmlns:cm="http://aries.apache.org/blueprint/xmlns/blueprint-cm/v1.0.0"
	xmlns:xsi="http://www.w3.org/2001/XMLSchema-instance"
	xsi:schemaLocation="http://www.osgi.org/xmlns/blueprint/v1.0.0 
	https://www.osgi.org/xmlns/blueprint/v1.0.0/blueprint.xsd">
	<cm:property-placeholder
		id="property-placeholder-bb7ef38d-522d-4e3e-9a14-f9e97f2aa928"
		persistent-id="ceers.properties">
		<cm:default-properties>
			<cm:property name="sqis.amq.brokerUrl" value="tcp://127.0.0.1:61616" />
			<!-- Tcp://localhost:61617 -->
			<cm:property name="sqis.amq.brokerName" value="activemq.default" />
			<cm:property name="sqis.amq.username" value="admin" />
			<cm:property name="sqis.amq.password" value="admin" />
			<cm:property name="sqis.amq.maxConcurrentConsumers"
				value="5" />
		</cm:default-properties>
	</cm:property-placeholder>

	<!-- Embedded in-memeory database setup. -->
	<!-- <jdbc:embedded-database id="dataSource" type="DERBY"> <jdbc:script 
		location="classpath:db-schema.sql" /> </jdbc:embedded-database> -->

	<bean id="derby-ds" class="org.apache.derby.jdbc.EmbeddedDataSource">
		<property name="createDatabase" value="create" />
		<property name="databaseName" value="test" />
	</bean>

	<service ref="derby-ds" interface="javax.sql.DataSource"
		ranking="5">
		<service-properties>
			<entry key="datasource.name" value="DerbyDS" />
		</service-properties>
	</service>

	<bean class="org.apache.camel.component.sql.SqlComponent" id="sql">
		<property name="dataSource" ref="derby-ds" />
	</bean>

	<!-- <reference id="datasource" interface="javax.sql.DataSource" availability="mandatory" 
		filter="(datasource.name=DerbyDS)" /> -->

	<!-- <bean class="org.apache.commons.dbcp.BasicDataSource" id="dataSource"> 
		<property name="driverClassName" value="com.mysql.jdbc.Driver" /> <property 
		name="url" value="jdbc:mysql://localhost:3306/test" /> <property name="username" 
		value="test" /> <property name="password" value="test" /> </bean> -->
	<!-- <bean class="org.apache.camel.component.sql.SqlComponent" id="sqlComponent"> 
		<property name="dataSource" ref="dataSource"/> </bean> -->
	<bean class="com.boeing.ai.sqisvelocity.javaarticles.RowProcessor"
		id="rowProcessor" />
	<bean class="com.boeing.ai.sqisvelocity.processors.ExceptionProcessor"
		id="exceptionProcessor" />
	<!-- acivemq configuration -->
	<bean class="org.apache.camel.component.jms.JmsComponent" id="amqxa">
		<property name="configuration" ref="amqConfig" />
	</bean>
	<bean class="org.apache.camel.component.jms.JmsConfiguration" id="amqConfig">
		<property name="connectionFactory" ref="xaPooledCF" />
		<property name="transacted" value="false" />
		<property name="maxConcurrentConsumers" value="${sqis.amq.maxConcurrentConsumers}" />
		<property name="cacheLevelName" value="CACHE_CONNECTION" />
	</bean>
	<bean class="org.apache.activemq.pool.JcaPooledConnectionFactory"
		destroy-method="stop" id="xaPooledCF" init-method="start">
		<property name="name" value="${sqis.amq.brokerName}" />
		<property name="maxConnections" value="5" />
		<property name="connectionFactory" ref="amqXaCF" />
	</bean>
	<bean class="org.apache.activemq.ActiveMQXAConnectionFactory" id="amqXaCF">
		<property name="brokerURL"
			value="failover:(${sqis.amq.brokerUrl})?jms.prefetchPolicy.all=1" />
		<property name="userName" value="${sqis.amq.username}" />
		<property name="password" value="${sqis.amq.password}" />
	</bean>

	<!-- Sample Data and Record Processor beans -->
	<bean id="sampleGenerator" class="org.apache.camel.component.dataset.SimpleDataSet">
		<property name="size" value="10" />
	</bean>

	<camelContext id="sqisCC" trace="false"
		xmlns="http://camel.apache.org/schema/blueprint">
		<onException>
			<exception>java.lang.Throwable</exception>
			<redeliveryPolicy maximumRedeliveries="0" />
			<handled>
				<constant>true</constant>
			</handled>
			<process ref="exceptionProcessor" />
		</onException>



		<route id="create-db-tables">
			<from uri="timer:CreateDB?delay=25000&amp;repeatCount=1" />
			<log message="Creating DB Table using" />
			<setBody>
				<constant><![CDATA[CREATE 
			TABLE articles (ID INTEGER NOT NULL,NAME VARCHAR(100) NOT NULL,CATEGORY VARCHAR(50) 
			NOT NULL,TAGS VARCHAR(100) NOT NULL, AUTHOR VARCHAR(50) NOT NULL, PRIMARY 
			KEY (ID))]]></constant>
			</setBody>
			<log message="${body}" />
			

			<to
				uri="sql:insert into articles(id, name, category, tags, author) values (1, 'Camel JMS Example', 'camel', 'camel,jms', 'Sam')" />

		</route>
		

		<route id="SQIS_to_Velocity">
			<from id="_from1" uri="timer:foo?period=50000" />	
			
			<to id="_to1" uri="sql:SELECT * FROM articles" />
			<to uri="log:query"/>			
			<log id="_log1" message="split rows" />
			<split id="_split1">
				<simple>${body}</simple>
				<log id="_log2" message="process 
			row ${body}" />
				<to id="_to2" uri="bean:rowProcessor" />
				<to id="_to3" uri="stream:out" />
				<to id="sqisqueue" uri="amqxa:queue:sqisqueue" />
				<convertBodyTo id="_convertBodyTo3" type="java.lang.String" />
				<to id="sqisfile" uri="file:///C:/temp/bca_consumer/" />
			</split>
		</route>
	</camelContext>
</blueprint>
