<?xml version="1.0" encoding="UTF-8"?>
<blueprint xmlns="http://www.osgi.org/xmlns/blueprint/v1.0.0"
    xmlns:camel="http://camel.apache.org/schema/blueprint"
    xmlns:cm="http://aries.apache.org/blueprint/xmlns/blueprint-cm/v1.0.0"
    xmlns:xsi="http://www.w3.org/2001/XMLSchema-instance" xsi:schemaLocation="http://www.osgi.org/xmlns/blueprint/v1.0.0 https://www.osgi.org/xmlns/blueprint/v1.0.0/blueprint.xsd ">
    <cm:property-placeholder id="blueprintProp" persistent-id="com.boeing.ai.sqisVelocity">
        <cm:default-properties/>
    </cm:property-placeholder>
    <bean
        class="com.boeing.ai.sqisvelocity.services.TokenPayloadConstructor" id="tokenPayloadconstructor"/>
    <bean class="com.boeing.ai.sqisvelocity.services.CommonHeaders" id="commonheaders"/>
    <bean class="com.boeing.ai.sqisvelocity.services.UserResponse" id="userresponse"/>
    <bean class="com.boeing.ai.sqisvelocity.services.HeaderConstructor" id="headerConstructor"/>
    <camelContext id="sqisCC" trace="false" xmlns="http://camel.apache.org/schema/blueprint">
        <dataFormats>
            <json id="gson" library="Gson" prettyPrint="true" useList="true"/>
        </dataFormats>
        <route id="Token_Authentication">
            <from id="from1" uri="timer:foo?period=20000"/>
            <process id="process1" ref="tokenPayloadconstructor"/>
            <process id="process2" ref="headerConstructor"/>
            <to id="to1" uri="log:body?level=INFO"/>
            <setHeader headerName="CamelHttpMethod" id="PostHeader">
                <constant>POST</constant>
            </setHeader>
            <setHeader headerName="content-type" id="applicationTypeHeader">
                <constant>application/json</constant>
            </setHeader>
            <marshal id="_marshal1" ref="gson"/>
            <setHeader headerName="usrName" id="_setHeader1">
                <jsonpath>$.userName</jsonpath>
            </setHeader>
            <log id="tokenheader" message="Before Token Service,Request Header values is ${headers.usrName}"/>
            <!--   <to id="to2" uri="https4://veldev1.web.boeing.com/services/api/v1/mesusers/authenticate?mapHttpMessageBody=true&amp;mapHttpMessageHeaders=true;"/>-->
            <to id="_to5" uri="http4://jsonplaceholder.typicode.com/users/1/todos?mapHttpMessageBody=true&amp;mapHttpMessageHeaders=true;"/>
            <setHeader headerName="generatedToken" id="_setHeader2">
                <jsonpath>$.data.token</jsonpath>
            </setHeader>
            <log id="tokenheader" message="AFTER hitting tokenservice, Header values is ${headers.generatedToken}"/>
            <!--<convertBodyTo id="convertBody" type="java.lang.String"/>-->
        </route>
    </camelContext>
</blueprint>
