<?xml version="1.0" encoding="UTF-8"?>
<blueprint xmlns="http://www.osgi.org/xmlns/blueprint/v1.0.0"
    xmlns:cm="http://aries.apache.org/blueprint/xmlns/blueprint-cm/v1.0.0"
    xmlns:xsi="http://www.w3.org/2001/XMLSchema-instance" xsi:schemaLocation="http://www.osgi.org/xmlns/blueprint/v1.0.0 http://www.osgi.org/xmlns/blueprint/v1.0.0/blueprint.xsd">
    <cm:property-placeholder
        id="property-placeholder-8115a66d-8476-4bff-b25f-c949fa965cb8" persistent-id="ceers.properties">
        <cm:default-properties>
            <cm:property name="ceers.amq.brokerUrl" value="vm://localhost?broker.persistent=false"/>
            <!-- Tcp://localhost:61617 -->
            <cm:property name="ceers.amq.brokerName" value="activemq.default"/>
            <cm:property name="ceers.amq.username" value="admin"/>
            <cm:property name="ceers.amq.password" value="admin"/>
            <cm:property name="ceers.amq.maxConcurrentConsumers" value="5"/>
            <cm:property name="ceers.wmq.hostName" value="a2asw03.cs.boeing.com"/>
            <cm:property name="ceers.wmq.port" value="1419"/>
            <cm:property name="ceers.wmq.queueManager" value="PRAC"/>
            <cm:property name="ceers.wmq.channel" value="SYSTEM.ADMIN.SVRCONN"/>
            <cm:property name="ceers.wmq.transportType" value="1"/>
            <cm:property name="ceers.wmq.maxConcurrentConsumers" value="5"/>
            <cm:property
                name="ceers.wmq.connectionFactoryMaxConnections" value="5"/>
            <cm:property name="ceers.alternate.local.endpoint" value="activemq:queue:localAlternateQueue"/>
            <cm:property name="ceers.alternate.local.xa.endpoint" value="amqxa:queue:localAlternateQueue"/>
            <cm:property name="ceers.audit.local.endpoint" value="activemq:queue:localAuditQueue"/>
            <cm:property name="ceers.audit.local.xa.endpoint" value="amqxa:queue:localAuditQueue"/>
            <cm:property name="ceers.audit.remote.xa.endpoint" value="wmqxa:CEERS.EVENT_v1_0"/>
            <cm:property name="ceers.notification.local.endpoint" value="activemq:queue:localNotificationQueue"/>
            <cm:property name="ceers.notification.local.xa.endpoint" value="amqxa:queue:localNotificationQueue"/>
            <cm:property name="ceers.notification.remote.xa.endpoint" value="wmqxa:CEERS.EVENT_v1_0"/>
            <cm:property name="ceers.state.local.endpoint" value="activemq:queue:localStateQueue"/>
            <cm:property name="ceers.state.local.xa.endpoint" value="amqxa:queue:localStateQueue"/>
            <cm:property name="ceers.state.remote.xa.endpoint" value="wmqxa:CEERS.EVENT_v1_0"/>
            <cm:property name="ceers.environmentname" value="BTS AI DEV"/>
            <cm:property name="ceers.resubmitservice" value="BTS"/>
        </cm:default-properties>
    </cm:property-placeholder>
    <!-- <bean id="ceersTransformerBean" class="com.boeing.ai.common.components.ceers.processors.CeersTransformer"> 
		<property name="environmentname" value="${ceers.environmentname}" /> <property 
		name="resubmitservice" value="${ceers.resubmitservice}" /> </bean> -->
    <bean class="com.boeing.ai.common.ceers.processors.CeersTransformer" id="ceersTransformerBean"/>
    <bean
        class="com.boeing.ai.common.ceers.processors.ExceptionProcessor" id="exceptionProcessor"/>
    <bean class="org.apache.activemq.camel.component.ActiveMQComponent" id="activemq">
        <property name="brokerURL" value="${ceers.amq.brokerUrl}"/>
        <property name="userName" value="${ceers.amq.username}"/>
        <property name="password" value="${ceers.amq.password}"/>
    </bean>
    <reference availability="mandatory" id="platformTxManager" interface="org.springframework.transaction.PlatformTransactionManager"/>
    <reference id="transactionManager" interface="javax.transaction.TransactionManager"/>
    <reference availability="mandatory" id="recoverableTxManager" interface="org.apache.geronimo.transaction.manager.RecoverableTransactionManager"/>
    <bean class="org.apache.camel.spring.spi.SpringTransactionPolicy" id="requiredJta">
        <property name="transactionManager" ref="platformTxManager"/>
        <property name="propagationBehaviorName" value="PROPAGATION_REQUIRED"/>
    </bean>
    <bean class="org.apache.camel.component.jms.JmsComponent" id="amqxa">
        <property name="configuration" ref="amqConfig"/>
    </bean>
    <bean class="org.apache.camel.component.jms.JmsConfiguration" id="amqConfig">
        <property name="connectionFactory" ref="xaPooledCF"/>
        <property name="transacted" value="false"/>
        <property name="transactionManager" ref="platformTxManager"/>
        <property name="maxConcurrentConsumers" value="${ceers.amq.maxConcurrentConsumers}"/>
        <property name="cacheLevelName" value="CACHE_CONNECTION"/>
    </bean>
    <bean class="org.apache.activemq.pool.JcaPooledConnectionFactory"
        destroy-method="stop" id="xaPooledCF" init-method="start">
        <property name="name" value="${ceers.amq.brokerName}"/>
        <property name="maxConnections" value="5"/>
        <property name="connectionFactory" ref="amqXaCF"/>
        <property name="transactionManager" ref="transactionManager"/>
    </bean>
    <bean class="org.apache.activemq.ActiveMQXAConnectionFactory" id="amqXaCF">
        <property name="brokerURL" value="failover:(${ceers.amq.brokerUrl})?jms.prefetchPolicy.all=1"/>
        <property name="userName" value="${ceers.amq.username}"/>
        <property name="password" value="${ceers.amq.password}"/>
    </bean>
    <bean class="org.apache.camel.component.jms.JmsComponent" id="wmqxa">
        <property name="configuration" ref="wmqConfig"/>
    </bean>
    <bean class="org.apache.camel.component.jms.JmsConfiguration" id="wmqConfig">
        <property name="connectionFactory" ref="fuseWmqXaConnectionFactory"/>
        <property name="transacted" value="false"/>
        <property name="transactionManager" ref="platformTxManager"/>
        <property name="maxConcurrentConsumers" value="${ceers.wmq.maxConcurrentConsumers}"/>
        <property name="cacheLevelName" value="CACHE_CONNECTION"/>
    </bean>
    <bean
        class="org.apache.activemq.jms.pool.JcaPooledConnectionFactory" id="fuseWmqXaConnectionFactory">
        <property name="connectionFactory" ref="wmq-CF-Wrapper"/>
        <property name="transactionManager" ref="transactionManager"/>
        <property name="maxConnections" value="${ceers.wmq.connectionFactoryMaxConnections}"/>
        <property name="name" value="ibm-wmq"/>
    </bean>
    <bean class="com.ibm.mq.jms.MQXAConnectionFactory" id="wmqConnectionFactory">
        <property name="hostName" value="${ceers.wmq.hostName}"/>
        <property name="port" value="${ceers.wmq.port}"/>
        <property name="queueManager" value="${ceers.wmq.queueManager}"/>
        <property name="channel" value="${ceers.wmq.channel}"/>
        <property name="transportType" value="${ceers.wmq.transportType}"/>
    </bean>
    <bean
        class="com.boeing.ai.common.ceers.adapter.UserCredentialsConnectionFactoryAdapterXA" id="wmq-CF-Wrapper">
        <property name="targetConnectionFactory" ref="wmqConnectionFactory"/>
    </bean>
    <camelContext id="CeersCamelContext" xmlns="http://camel.apache.org/schema/blueprint">
        <dataFormats>
            <jaxb contextPath="com.boeing.ai.common.ceers.messages"
                id="jaxb" prettyPrint="true"/>
            <jaxb contextPath="com.boeing.web.xmlns.ai.ceers.v1"
                id="eventjaxb" prettyPrint="true"/>
        </dataFormats>
        <onException>
            <exception>java.lang.Throwable</exception>
            <redeliveryPolicy maximumRedeliveries="1"/>
            <handled>
                <constant>true</constant>
            </handled>
            <process ref="exceptionProcessor"/>
        </onException>
        <route id="ceers-message-router">
            <from id="_from1" uri="direct-vm:ceers"/>
            <log id="_log1" message="got ceers message from direct-vm:ceers"/>
            <choice id="_choice1">
                <when id="_when1">
                    <xpath>not(string-length((//alternateLogFilePath)[1]) = 0)</xpath>
                    <log id="_log2" message="got alternate logging message"/>
                    <to id="_to1" uri="{{ceers.alternate.local.endpoint}}"/>
                </when>
                <when id="_when2">
                    <xpath>//eventType = 'AUDIT'</xpath>
                    <log id="_log3" message="got audit message"/>
                    <to id="_to2" uri="{{ceers.audit.local.endpoint}}"/>
                </when>
                <when id="_when3">
                    <xpath>//eventType = 'STATE'</xpath>
                    <log id="_log4" message="got state message"/>
                    <to id="_to3" uri="{{ceers.state.local.endpoint}}"/>
                </when>
                <when id="_when4">
                    <xpath>//eventType = 'NOTIFICATION'</xpath>
                    <log id="_log5" message="got notification message"/>
                    <to id="_to4" uri="{{ceers.notification.local.endpoint}}"/>
                </when>
                <otherwise id="_otherwise1">
                    <log id="_log6" message="failed to transfer message to appropriate queue"/>
                </otherwise>
            </choice>
        </route>
        <route id="ceers-alternate-bridge-route">
            <from id="_from2" uri="{{ceers.alternate.local.xa.endpoint}}"/>
            <transacted ref="requiredJta" />
            <unmarshal id="_unmarshal1" ref="jaxb"/>
            <log id="_log7" loggingLevel="DEBUG" message="GOT MESSAGE ${body}"/>
            <process id="_process1" ref="ceersTransformerBean"/>
            <log id="_log8" message="AFTER CAMEL PROCESSOR ${body}"/>
        </route>
        <route id="ceers-audit-bridge-route">
            <from id="_from3" uri="{{ceers.audit.local.xa.endpoint}}"/>
            <transacted ref="requiredJta" />
            <unmarshal id="_unmarshal2" ref="jaxb"/>
            <log id="_log9" message="GOT MESSAGE ${body}"/>
            <process id="_process2" ref="ceersTransformerBean"/>
            <marshal id="_marshal1" ref="eventjaxb"/>
            <convertBodyTo id="_convertBodyTo1" type="java.lang.String"/>
            <log id="_log10" message="AFTER audit marshaller ${body}"/>
            <to id="_to5" uri="{{ceers.audit.remote.xa.endpoint}}"/>
            <log id="_log11" message="AFTER CAMEL PROCESSOR ${body}"/>
        </route>
        <route id="ceers-notification-bridge-route">
            <from id="_from4" uri="{{ceers.notification.local.xa.endpoint}}"/>
            <transacted ref="requiredJta" />
            <unmarshal id="_unmarshal3" ref="jaxb"/>
            <log id="_log12" message="GOT MESSAGE ${body}"/>
            <process id="_process3" ref="ceersTransformerBean"/>
            <marshal id="_marshal2" ref="eventjaxb"/>
            <convertBodyTo id="_convertBodyTo2" type="java.lang.String"/>
            <log id="_log13" message="AFTER notification marshaller ${body}"/>
            <to id="_to6" uri="{{ceers.notification.remote.xa.endpoint}}"/>
            <log id="_log14" message="AFTER CAMEL PROCESSOR ${body}"/>
        </route>
        <route id="ceers-state-bridge-route">
            <from id="_from5" uri="{{ceers.state.local.xa.endpoint}}"/>
            <transacted ref="requiredJta" />
            <unmarshal id="_unmarshal4" ref="jaxb"/>
            <log id="_log15" message="GOT MESSAGE ${body}"/>
            <process id="_process4" ref="ceersTransformerBean"/>
            <marshal id="_marshal3" ref="eventjaxb"/>
            <convertBodyTo id="_convertBodyTo3" type="java.lang.String"/>
            <to id="_to7" uri="{{ceers.state.remote.xa.endpoint}}"/>
            <log id="_log16" message="AFTER CAMEL PROCESSOR ${body}"/>
        </route>
    </camelContext>
</blueprint>
