<?xml version="1.0" encoding="UTF-8"?>
<blueprint xmlns="http://www.osgi.org/xmlns/blueprint/v1.0.0"
	xmlns:camel="http://camel.apache.org/schema/blueprint" xmlns:xsi="http://www.w3.org/2001/XMLSchema-instance"
	xmlns:cm="http://aries.apache.org/blueprint/xmlns/blueprint-cm/v1.0.0"

	xsi:schemaLocation="http://www.osgi.org/xmlns/blueprint/v1.0.0 http://www.osgi.org/xmlns/blueprint/v1.0.0/blueprint.xsd
       http://camel.apache.org/schema/blueprint http://camel.apache.org/schema/blueprint/camel-blueprint.xsd">

	
	
	<!-- Read properties from file com.boeing.ai.decrypter-->
	<cm:property-placeholder id="decryptProp" persistent-id="com.boeing.ai.decrypter">
		<cm:default-properties>
			<cm:property name="decrypt.algorithm" value="PBEWithMD5AndDES" />
			<cm:property name="decrypt.passwordEnvName" value="JASYPT_ENCRYPTION_PASSWORD" />
			<cm:property name="decrypt.poolSize" value="2" />
			<cm:property name="decrypt.keyObtentionIterations" value="1000" />
		</cm:default-properties>
	</cm:property-placeholder>
	
	
	<!-- Configuration for encryptor, based on environment variables. -->
	
	<bean id="environmentVariablesConfiguration"
		class="org.jasypt.encryption.pbe.config.EnvironmentStringPBEConfig">
		<property name="algorithm" value="${decrypt.algorithm}" />
		<property name="passwordEnvName" value="${decrypt.passwordEnvName}" />
	</bean>

	<!-- The will be the encryptor used for decrypting configuration values.
	<bean id="configurationEncryptor" class="org.jasypt.encryption.pbe.StandardPBEStringEncryptor">
		<property name="config" ref="environmentVariablesConfiguration" />
	</bean>
 -->
 

	<bean id="poolconfigurationEncryptor" class="org.jasypt.encryption.pbe.PooledPBEStringEncryptor">
		<property name="config" ref="environmentVariablesConfiguration" />
		<property name="poolSize" value="${decrypt.poolSize}" />
		<property name="keyObtentionIterations" value="${decrypt.keyObtentionIterations}" />
	</bean>
	
	<service interface="org.jasypt.encryption.StringEncryptor" ref="poolconfigurationEncryptor">
		<service-properties>
			<entry key="decrypter.name" value="decrypter" />
		</service-properties>
	</service>

</blueprint>
