<?xml version="1.0" encoding="UTF-8"?>
<blueprint xmlns="http://www.osgi.org/xmlns/blueprint/v1.0.0"
	xmlns:camel="http://camel.apache.org/schema/blueprint" xmlns:xsi="http://www.w3.org/2001/XMLSchema-instance"
	xmlns:cm="http://aries.apache.org/blueprint/xmlns/blueprint-cm/v1.0.0"

	xsi:schemaLocation="http://www.osgi.org/xmlns/blueprint/v1.0.0 http://www.osgi.org/xmlns/blueprint/v1.0.0/blueprint.xsd
       http://camel.apache.org/schema/blueprint http://camel.apache.org/schema/blueprint/camel-blueprint.xsd">

	<cm:property-placeholder id="prop" >
		<cm:default-properties>
			<cm:property name="db.servername" value="sql-swss-008.sw.nos.boeing.com" />
			<cm:property name="db.portnumber" value="15432" />
			<cm:property name="db.databasename" value="quartz2" />
			<cm:property name="db.driver" value="com.microsoft.sqlserver.jdbc.SQLServerDriver" />
			<cm:property name="db.jdbcurl" value="jdbc:sqlserver://sql-swss-008.sw.nos.boeing.com;instanceName=SHRDDEV01;databaseName=BIED" />
			<cm:property name="db.user" value="bied_user" />
			<cm:property name="db.password" value="Th!4uqePrE" />
			<cm:property name="db.minPoolSize" value="2" />
			<cm:property name="db.maxPoolSize" value="4" />
		</cm:default-properties>
	</cm:property-placeholder>

	 <bean id="dataSource.pooled" class="org.apache.commons.dbcp2.BasicDataSource" destroy-method="close" >
		<property name="driverClassName" value="${db.driver}"/>
		<property name="url" value="${db.jdbcurl}" />
		<property name="username" value="${db.user}" />
		<property name="password" value="${db.password}" />
		<property name="removeAbandoned" value="true"/>
		<property name="removeAbandonedTimeout" value="30000"/>
		<property name="initialSize" value="${db.minPoolSize}" />
		<property name="maxActive" value="${db.maxPoolSize}" />
		<property name="validationQuery" value="SELECT 1"/>
	</bean>
	 
    <!-- End of Data Source Connection Pooling -->

	<service interface="javax.sql.DataSource" ref="dataSource.pooled">
		<service-properties>
			<entry key="osgi.jndi.service.name" value="jdbc/mssqlBiedds" />
			<entry key="datasource.name" value="mssqlBiedds" />
		</service-properties>
	</service>


  <camelContext xmlns="http://camel.apache.org/schema/blueprint" trace="false">
    <route id="dbPoolTest">
    </route>
  </camelContext>

</blueprint>
