<?xml version="1.0" encoding="UTF-8"?>
<blueprint xmlns="http://www.osgi.org/xmlns/blueprint/v1.0.0"
	xmlns:camel="http://camel.apache.org/schema/blueprint" xmlns:xsi="http://www.w3.org/2001/XMLSchema-instance"
	xmlns:cm="http://aries.apache.org/blueprint/xmlns/blueprint-cm/v1.0.0"
	xmlns:ext="http://aries.apache.org/blueprint/xmlns/blueprint-ext/v1.0.0" xmlns:enc="http://karaf.apache.org/xmlns/jasypt/v1.0.0"

	xsi:schemaLocation="http://www.osgi.org/xmlns/blueprint/v1.0.0 http://www.osgi.org/xmlns/blueprint/v1.0.0/blueprint.xsd
       http://camel.apache.org/schema/blueprint http://camel.apache.org/schema/blueprint/camel-blueprint.xsd">
       
	<cm:property-placeholder id="prop"
		persistent-id="com.boeing.ai.common.postgresqlds">
		<cm:default-properties>
			<cm:property name="pg.db.servername" value="localhost" />
			<cm:property name="pg.db.portnumber" value="15432" />
			<cm:property name="pg.db.databasename" value="quartz2" />
			<cm:property name="pg.db.driver" value="org.postgresql.Driver" />
			<cm:property name="pg.db.jdbcurl" value="jdbc:postgresql://localhost:15432/quartz2" />
			<cm:property name="pg.db.user" value="quartz2" />
			<cm:property name="pg.db.password" value="ENC(EDlUiFZeooDqj8VZBX3P4rVtCmUr+DpT)" />
			<cm:property name="pg.db.minPoolSize" value="2" />
			<cm:property name="pg.db.maxPoolSize" value="4" />
		</cm:default-properties>
	</cm:property-placeholder>

	<enc:property-placeholder>
		<enc:encryptor class="org.jasypt.encryption.pbe.StandardPBEStringEncryptor">
			<property name="config">
				<bean class="org.jasypt.encryption.pbe.config.EnvironmentStringPBEConfig">
					<property name="algorithm" value="PBEWithMD5AndDES" />
					<property name="passwordEnvName" value="JASYPT_ENCRYPTION_PASSWORD" />
				</bean>
			</property>
		</enc:encryptor>
	</enc:property-placeholder>

	<bean id="properties"
		class="org.apache.camel.component.properties.PropertiesComponent">
		<property name="location" value="blueprint:prop" />
		<property name="propertiesParser" ref="jasypt" />
	</bean>

	<bean id="jasypt"
		class="org.apache.camel.component.jasypt.JasyptPropertiesParser">
		<property name="password" value="sysenv:JASYPT_ENCRYPTION_PASSWORD" />
	</bean>


<!-- Data Source configurations 
    <bean id="dataSource.pg" class="org.postgresql.ds.PGSimpleDataSource">
		<property name="serverName" value="${db.servername}" />
		<property name="portNumber" value="${db.portnumber}" />
		<property name="databaseName" value="${db.databasename}" />
		<property name="user" value="${db.user}" />
		<property name="password" value="${db.password}" />
    </bean>

 
     <bean id="dataSource.pooled" class="com.mchange.v2.c3p0.DataSources" factory-method="pooledDataSource">
        <constructor-arg ref="dataSource.pg"/>
    </bean>

    <bean id="dataSource.c3p0.pooled" class="com.mchange.v2.c3p0.ComboPooledDataSource" destroy-method="close">
    	<property name="driverClass" value="${pg.db.driver}"/>
		<property name="jdbcUrl" value="${pg.db.jdbcurl}" />
		<property name="user" value="${pg.db.user}" />
		<property name="password" value="${pg.db.password}" />
        <property name="minPoolSize" value="${pg.db.minPoolSize}" />
        <property name="maxPoolSize" value="${pg.db.maxPoolSize}" />
        <property name="testConnectionOnCheckout" value="true" />
	</bean>
	 -->
 
	 <bean id="dataSource.pooled" class="org.apache.commons.dbcp2.BasicDataSource" destroy-method="close" >
		<property name="driverClassName" value="${pg.db.driver}"/>
		<property name="url" value="${pg.db.jdbcurl}" />
		<property name="username" value="${pg.db.user}" />
		<property name="password" value="${pg.db.password}" />
		<property name="removeAbandoned" value="true"/>
		<property name="removeAbandonedTimeout" value="30000"/>
		<property name="initialSize" value="${pg.db.minPoolSize}" />
		<property name="maxActive" value="${pg.db.maxPoolSize}" />
		<property name="validationQuery" value="SELECT 1"/>
	</bean>
	 
    <!-- End of Data Source Connection Pooling -->




	<service interface="javax.sql.DataSource" ref="dataSource.pooled">
		<service-properties>
			<entry key="osgi.jndi.service.name" value="jdbc/postgresqlds" />
			<entry key="datasource.name" value="postgresqlds" />
		</service-properties>
	</service>


</blueprint>
