<?xml version="1.0" encoding="UTF-8"?>
<event
            xmlns="http://xmlns.web.boeing.com/ai/ceers/V1"><event-id>e242dbb8-4d8d-420c-934e-43116e2ea4a0</event-id><event-group>NotSpecified</event-group><application-name>CEERS_ROUTE_TESTER</application-name><message-name>URI_MESSAGE</message-name><data-sensitivity>NONE</data-sensitivity><event-timestamp>2016-09-20T23:34:39.810+05:30</event-timestamp><global-tx-id>ad6993e7-b072-4474-8ccd-004fd098a527</global-tx-id><server-name>LAPTOP-FDC5N0GU</server-name><environment-name>AI UNKNOWN DEV</environment-name><component-name>ceersRouteTesterRoute</component-name><metadata><attribute
            key="'ExchangeId"
            value="ID-LAPTOP-FDC5N0GU-55789-1474393792882-1-32"/><attribute
            key="ExchangeRouteId"
            value="ceersRouteTesterRoute"/><attribute
            key="ExchangeCamelTimerPeriod" value="20000"/><attribute
            key="ExchangeCamelMessageHistory"
            value="[DefaultMessageHistory[routeId=ceersRouteTesterRoute, node=setBody1], DefaultMessageHistory[routeId=ceersRouteTesterRoute, node=to8], DefaultMessageHistory[routeId=ceersRouteTesterRoute, node=log15], DefaultMessageHistory[routeId=ceersRouteTesterRoute, node=log16], DefaultMessageHistory[routeId=ceersRouteTesterRoute, node=to9]]"/><attribute
            key="ExchangeCamelTimerCounter" value="4"/><attribute
            key="ExchangeCeersEventId"
            value="e242dbb8-4d8d-420c-934e-43116e2ea4a0"/><attribute
            key="ExchangeCamelCreatedTimestamp"
            value="Tue Sep 20 23:34:39 IST 2016"/><attribute
            key="ExchangeCamelTimerFiredTime"
            value="Tue Sep 20 23:34:39 IST 2016"/><attribute
            key="ExchangeCamelTimerName" value="foo"/><attribute
            key="ExchangeCamelToEndpoint"
            value="ceers://?alternateLogFilePath=C%3A%5Ctemp%5CCeersEvents&amp;applicationName=CEERS_ROUTE_TESTER&amp;dataSensitivity=NONE&amp;eventType=notification&amp;globalTxId=ad6993e7-b072-4474-8ccd-004fd098a527&amp;messageName=URI_MESSAGE&amp;transferType=SEND"/><attribute
            key="ContextManagementName"
            value="ceers_route_tester"/><attribute key="ContextName"
            value="CeersRouteTesterCamelContext"/><attribute
            key="ContextVersion"
            value="2.15.1.redhat-620133"/><attribute key="MessageId"
            value="ID-LAPTOP-FDC5N0GU-55789-1474393792882-1-31"/><attribute
            key="MessagebreadcrumbId"
            value="ID-LAPTOP-FDC5N0GU-55789-1474393792882-1-31"/><attribute
            key="MessagefiredTime"
            value="Tue Sep 20 23:34:39 IST 2016"/><attribute
            key="EndpointKey"
            value="timer://foo?period=20000"/><attribute
            key="EndpointUri" value="timer://foo?period=20000'"/></metadata><event-data><notification><severity>INFO</severity><short-description>No Description Provided</short-description><payload><content><message-body><text-content><![CDATA[Audit Event at 2016-09-20 23:34:39]]></text-content></message-body></content></payload></notification></event-data></event>
