<?xml version="1.0"?>
<features>
  <feature name="ibm-wmq" version="${ibm.client.version}">
    <bundle start-level="55">mvn:com.ibm.mq.osgi/directip/${ibm.client.version}</bundle>
    <bundle start-level="53" start="false">mvn:com.ibm.msg.client.osgi/nls/${ibm.client.version}</bundle>
    <bundle start-level="55">mvn:com.ibm.msg.client.osgi/commonservices-j2se/${ibm.client.version}</bundle>
    <bundle start-level="55">mvn:com.ibm.msg.client.osgi/jms/${ibm.client.version}</bundle>
    <bundle start-level="55">mvn:com.ibm.msg.client.osgi/jms-prereq/${ibm.client.version}</bundle>
    <bundle start-level="55">mvn:com.ibm.msg.client.osgi/wmq/${ibm.client.version}</bundle>
    <bundle start-level="55" start="false">mvn:com.ibm.msg.client.osgi/wmq-nls/${ibm.client.version}</bundle>
    <bundle start-level="55">mvn:com.ibm.msg.client.osgi/wmq-prereq/${ibm.client.version}</bundle>
  </feature>
</features>
