<?xml version="1.0" encoding="UTF-8"?>
<blueprint xmlns="http://www.osgi.org/xmlns/blueprint/v1.0.0"
    xmlns:camel="http://camel.apache.org/schema/blueprint"
    xmlns:cm="http://aries.apache.org/blueprint/xmlns/blueprint-cm/v1.0.0"
    xmlns:xsi="http://www.w3.org/2001/XMLSchema-instance" xsi:schemaLocation="http://www.osgi.org/xmlns/blueprint/v1.0.0 https://www.osgi.org/xmlns/blueprint/v1.0.0/blueprint.xsd ">
    <cm:property-placeholder id="blueprintProp" persistent-id="com.boeing.ai.sqisVelocity">
        <cm:default-properties/>
    </cm:property-placeholder>
    <bean class="com.boeing.ai.sqisvelocity.services.HeaderConstructor" id="headerConstructor"/>
    <bean
        class="com.boeing.ai.sqisvelocity.services.AttachmentConstructor" id="attachmentConstructor"/>
    <bean
        class="com.boeing.ai.sqisvelocity.services.HttpMultiPartProcessor" id="httpMultiPartProcessor"/>
    <camelContext id="sqisCC" trace="false" xmlns="http://camel.apache.org/schema/blueprint">
        <dataFormats>
            <json id="gson" library="Gson" prettyPrint="true" useList="true"/>
        </dataFormats>
        <route id="EPDService">
            <from id="from1" uri="timer:foo?period=20000"/>
            <process id="process2" ref="headerConstructor"/>
            <process id="process3" ref="attachmentConstructor"/>
            <process id="process4" ref="httpMultiPartProcessor"/>
            <to id="to1" uri="log:body?level=INFO"/>
            <setHeader headerName="CamelHttpMethod" id="PostHeader">
                <constant>POST</constant>
            </setHeader>
            <marshal id="_marshal1" ref="gson"/>
            <log id="_log1" message="Header value of ch-service ${headers.ch-service}"/>
            <!--   <to id="to2" uri="https4://veldev1.web.boeing.com/services/api/v1/mesusers/authenticate?mapHttpMessageBody=true&amp;mapHttpMessageHeaders=true;"/>-->
            <log id="_log2" message="Header value of ch-timestamp ${headers.ch-timestamp}"/>
            <log id="_log3" message="Header value of ch-datasensitivity  ${headers.ch-datasensitivity}"/>
            <log id="_log4" message="Header value of ch-action  ${headers.ch-action}"/>
            <log id="_log5" message="Header value of ch-globaltransactionid  ${headers.ch-globaltransactionid}"/>
            <log id="_log6" message="Before EPD  Service Request Body value is ${body}"/>
            <to id="_to5" uri="http4://jsonplaceholder.typicode.com/users/1/todos?mapHttpMessageBody=true&amp;mapHttpMessageHeaders=true;"/>
            <log id="tokenheader" message="AFTER hitting tokenservice, response Body value is ${body}"/>
            <!--<convertBodyTo id="convertBody" type="java.lang.String"/>-->
        </route>
    </camelContext>
</blueprint>
