<?xml version="1.0" encoding="UTF-8"?>
<blueprint xmlns="http://www.osgi.org/xmlns/blueprint/v1.0.0"
	xmlns:camel="http://camel.apache.org/schema/blueprint"
	xmlns:cm="http://aries.apache.org/blueprint/xmlns/blueprint-cm/v1.0.0"
	xmlns:xsi="http://www.w3.org/2001/XMLSchema-instance"
	xsi:schemaLocation="http://www.osgi.org/xmlns/blueprint/v1.0.0 https://www.osgi.org/xmlns/blueprint/v1.0.0/blueprint.xsd              ">

	<bean class="com.boeing.ai.sqisvelocity.services.TokenPayloadConstructor"
		id="tokenPayloadconstructor" />
	<camelContext id="sqisCCtoken" trace="false"
		xmlns="http://camel.apache.org/schema/blueprint">
		<dataFormats>
			<json id="gson" library="Gson" prettyPrint="true" useList="true" />
		</dataFormats>
		<route id="TOkenservice">
			<!-- <from id="_from1" uri="timer:foo?period=20000"/> -->
			<!-- <to id="_to5" uri="http4://veldev1.web.boeing.com/services/api/v1/mesusers/authenticate?mapHttpMessageBody=true&amp;mapHttpMessageHeaders=true;" 
				/> -->
			<!-- <to id="_to5" uri="http4://jsonplaceholder.typicode.com/users/1/todos?mapHttpMessageBody=true&amp;mapHttpMessageHeaders=true;"/> -->
			<from id="_from1" uri="timer:foo?period=20000" />
			<process id="_process1" ref="tokenPayloadconstructor" />
			<to id="_to4" uri="log:body?level=INFO" />
			<setHeader headerName="CamelHttpMethod" id="_setHeader1">
				<constant>POST</constant>
			</setHeader>
			<marshal id="_marshal1" ref="gson" />
			<to id="_to5"
				uri="http4://jsonplaceholder.typicode.com/users/1/todos?mapHttpMessageBody=true&amp;mapHttpMessageHeaders=true;" />
			<log id="response"
						message="Token response ${body}" />
			<choice>
				<when>
					<jsonpath>$.userId</jsonpath>
					<log id="jsonpath"
						message="Json path ${body}" />
				</when>
			</choice>
			<convertBodyTo id="_convertBody" type="java.lang.String" />
			<log id="_log13"
				message="AFTER hitting tokenservice, Header values is ${headers.ch-service}" />
		</route>
	</camelContext>
</blueprint>
