<?xml version="1.0" encoding="UTF-8"?>
<beans xmlns="http://www.springframework.org/schema/beans"
    xmlns:jdbc="http://www.springframework.org/schema/jdbc"
    xmlns:xsi="http://www.w3.org/2001/XMLSchema-instance" xsi:schemaLocation="http://www.springframework.org/schema/beans http://www.springframework.org/schema/beans/spring-beans.xsd         http://www.springframework.org/schema/jdbc http://www.springframework.org/schema/jdbc/spring-jdbc-3.0.xsd         http://camel.apache.org/schema/spring http://camel.apache.org/schema/spring/camel-spring.xsd">
    <jdbc:initialize-database data-source="dataSource" enabled="true" >
        <jdbc:script location="classpath:db-schema.sql"/>
        <jdbc:script location="classpath:db-test-data.sql"/>
    </jdbc:initialize-database>
    <bean
        class="org.springframework.jdbc.datasource.DriverManagerDataSource" id="dataSource">
        <property name="driverClassName" value="com.mysql.jdbc.Driver"/>
        <property name="url" value="jdbc:mysql://localhost/test"/>
        <property name="username" value="root"/>
        <property name="password" value="mnrpass"/>
    </bean>
    <bean class="com.boeing.ai.sqisvelocity.javaarticles.RowProcessor" id="rowProcessor"/>
    <bean
        class="com.boeing.ai.sqisvelocity.processors.ExceptionProcessor" id="exceptionProcessor"/>
    <camelContext id="sqisCC" trace="false" xmlns="http://camel.apache.org/schema/spring">
        <onException>
            <exception>java.lang.Throwable</exception>
            <redeliveryPolicy maximumRedeliveries="0"/>
            <handled>
                <constant>true</constant>
            </handled>
            <process ref="exceptionProcessor"/>
        </onException>
        <route id="_route1">
            <from id="_from1" uri="quartz2://myGroup/myTimer?cron=0+0/30+0-24+?+*+MON-SAT"/>
            <setBody id="_setBody1">
                <constant>
	        SELECT * FROM ARTICLES WHERE CATEGORY='Camel'
	        </constant>
            </setBody>
            <to id="_to1" uri="jdbc:dataSource"/>
            <log id="_log1" message="split rows"/>
            <split id="_split1">
                <simple>${body}</simple>
                <log id="_log2" message="process row ${body}"/>
                <to id="_to2" uri="bean:rowProcessor"/>
                <to id="_to3" uri="stream:out"/>
                <to id="_to4" uri="activemq:queue:foo"/>
            </split>
        </route>
    </camelContext>
</beans>
