<?xml version="1.0" encoding="UTF-8"?>
<blueprint xmlns="http://www.osgi.org/xmlns/blueprint/v1.0.0"
    xmlns:camel="http://camel.apache.org/schema/blueprint"
    xmlns:cm="http://aries.apache.org/blueprint/xmlns/blueprint-cm/v1.0.0"
    xmlns:xsi="http://www.w3.org/2001/XMLSchema-instance" xsi:schemaLocation="http://www.osgi.org/xmlns/blueprint/v1.0.0      https://www.osgi.org/xmlns/blueprint/v1.0.0/blueprint.xsd        ">
    <cm:property-placeholder
        id="property-placeholder-bb7ef38d-522d-4e3e-9a14-f9e97f2aa928" persistent-id="ceers.properties">
        <cm:default-properties>
            <cm:property name="sqis.amq.brokerUrl" value="tcp://127.0.0.1:61616"/>
            <!-- Tcp://localhost:61617 -->
            <cm:property name="sqis.amq.brokerName" value="activemq.default"/>
            <cm:property name="sqis.amq.username" value="admin"/>
            <cm:property name="sqis.amq.password" value="admin"/>
            <cm:property name="sqis.amq.maxConcurrentConsumers" value="5"/>
        </cm:default-properties>
    </cm:property-placeholder>
    <bean class="com.boeing.ai.sqisvelocity.services.PurgeQueue" id="purgeQueue"/>
    <bean class="org.apache.activemq.camel.component.ActiveMQComponent" id="activemq">
        <property name="brokerURL" value="${sqis.amq.brokerUrl}"/>
        <property name="userName" value="${sqis.amq.username}"/>
        <property name="password" value="${sqis.amq.password}"/>
    </bean>
    <camelContext id="sqisCC" trace="false" xmlns="http://camel.apache.org/schema/blueprint">
        <route id="RouteOne">
            <from id="_from1" uri="timer:foo?period=20000"/>
            <to id="_to1" uri="activemq:queue:testQueue"/>
        </route>
        <route id="RouteThree">
            <from id="_from3" uri="timer:purge?period=80000"/>
            <process id="_process3" ref="purgeQueue"/>
            <log id="_log4" message="Queue Purged Successfully"/>
        </route>
    </camelContext>
</blueprint>
