<?xml version="1.0" encoding="UTF-8"?>
<!--
Copyright (c) Red Hat, Inc.

Red Hat licenses this file to you under the Apache License, version
2.0 (the "License"); you may not use this file except in compliance
with the License. You may obtain a copy of the License at

http://www.apache.org/licenses/LICENSE-2.0

Unless required by applicable law or agreed to in writing, software
distributed under the License is distributed on an "AS IS" BASIS,
WITHOUT WARRANTIES OR CONDITIONS OF ANY KIND, either express or
implied. See the License for the specific language governing
permissions and limitations under the License.
-->
<features>
    <feature name="datasource-pg" version="${project.version}">
    	<feature>jndi</feature>
		<bundle start-level="55" start="false">wrap:mvn:org.postgresql/postgresql/${postgresql.version}</bundle>
        <!-- <bundle>wrap:mvn:c3p0/c3p0/${c3p0.version}</bundle> -->
        <bundle start-level="55" start="false">wrap:mvn:org.apache.commons/commons-dbcp2/${dbcp2.version}</bundle>
		<bundle>mvn:${project.groupId}/postgresqldatasource/${project.version}</bundle>
    </feature>
</features>
